handle,titel,tabbladen,tekens_tekst,afbeeldingen
kala-health-liposomaal-ijzer,Liposomaal IJzer,add_comments_tab|gebruikdosering_tab|samenstelling_tab,9004,2
kala-health-butyragen-butyraat-capsules,ButyraGen® Butyraat Capsules,add_comments_tab|gebruikdosering_tab|samenstelling_tab,11098,3
kala-health-liposomale-quercetine,Liposomale Quercetine,add_comments_tab|gebruikdosering_tab|samenstelling_tab,7402,3
kala-health-liposomaal-glutathion,Liposomaal Glutathion,add_comments_tab|gebruikdosering_tab|samenstelling_tab,10995,5
kala-health-liposomaal-pea,Liposomaal PEA,add_comments_tab|gebruikdosering_tab|samenstelling_tab,6559,3
kala-health-liposomaal-resveratrol,Liposomaal Resveratrol,add_comments_tab|gebruikdosering_tab|samenstelling_tab,7606,3
kala-health-liposomale-vitamine-b12-plus-folaat,Liposomale vitamine B12 + Folaat,add_comments_tab|gebruikdosering_tab|samenstelling_tab,11400,4
kala-health-plantaardige-voedingsvezels,Plantaardige Voedingsvezels,add_comments_tab|gebruikdosering_tab|samenstelling_tab,7188,2
kala-health-gewrichten-bundel,Gewrichten Bundel,add_comments_tab|samenstelling_tab,19847,1
kala-health-meer-energie-bundel,Meer Energie Bundel,add_comments_tab|samenstelling_tab,16292,2
kala-health-lions-mane-bio-poeder,Lion’s Mane BIO Poeder,add_comments_tab|gebruikdosering_tab|samenstelling_tab,14023,3
kala-health-shiitake-bio-poeder,Shiitake BIO Poeder,add_comments_tab|gebruikdosering_tab|samenstelling_tab,13888,3
kala-health-betere-weerstand-bundel,Betere Weerstand Bundel,add_comments_tab|gebruikdosering_tab|samenstelling_tab,14895,1
kala-health-reishi-bio-poeder,Reishi BIO Poeder,add_comments_tab|gebruikdosering_tab|samenstelling_tab,14413,3
kala-health-maitake-bio-poeder,Maitake BIO Poeder,add_comments_tab|gebruikdosering_tab|samenstelling_tab,13787,3
kala-health-cordyceps-poeder-bio,Cordyceps Poeder BIO,add_comments_tab|gebruikdosering_tab|samenstelling_tab,11274,3
kala-health-chaga-bio-poeder,Chaga BIO Poeder,add_comments_tab|gebruikdosering_tab|samenstelling_tab,12343,3
kala-health-akkermansia-muciniphila-capsules,Akkermansia Muciniphila Capsules,achtergrond_informatie_tab|add_comments_tab|gebruikdosering_tab|samenstelling_tab,20303,4
kala-health-optimsm-poeder-matcha,OptiMSM® Poeder Matcha,add_comments_tab|gebruikdosering_tab|samenstelling_tab,9832,3
kala-health-optimsm-poeder-perzik,OptiMSM® Poeder Perzik,add_comments_tab|gebruikdosering_tab|samenstelling_tab,9839,3
kala-health-optimsm-poeder-citroen,OptiMSM® Poeder Citroen,add_comments_tab|gebruikdosering_tab|samenstelling_tab,9780,3
kala-health-betere-huid-bundel,Betere Huid Bundel,add_comments_tab|gebruikdosering_tab|samenstelling_tab,14971,1
kala-health-beter-slapen-bundel,Beter Slapen Bundel,add_comments_tab|gebruikdosering_tab|samenstelling_tab,13367,1
kala-health-dagelijkse-basis-bundel,Dagelijkse Basis Bundel,add_comments_tab|gebruikdosering_tab|samenstelling_tab,15082,1
kala-health-magnesium-bisglycinaat-capsules,Magnesium Bisglycinaat Capsules,add_comments_tab|gebruikdosering_tab|samenstelling_tab,17941,5
kala-health-liposomale-magnesium-capsules,Liposomale Magnesium capsules,achtergrond_informatie_tab|add_comments_tab|gebruikdosering_tab|samenstelling_tab,12768,5
kala-health-ashwagandha-extract,Ashwagandha Extract,achtergrond_informatie_tab|add_comments_tab|gebruikdosering_tab|samenstelling_tab,14347,3
kala-health-magnesium-bisglycinaat-tabletten-100-mg,Magnesium Bisglycinaat Tabletten 100 mg,add_comments_tab|gebruikdosering_tab|samenstelling_tab,16021,5
kala-health-magnesium-complex-poeder-plus-vitamine-d3-plus-k2-50-mcg-75-mcg,Magnesium Complex poeder + Vitamine D3 + K2 (50 mcg/ 75 mcg),add_comments_tab|gebruikdosering_tab|samenstelling_tab,8148,1
kala-health-optimsm-poeder-plus-groenlipmosselolie-aspitol,OptiMSM® Poeder + Groenlipmosselolie (Aspitol®),add_comments_tab|gebruikdosering_tab|samenstelling_tab,6687,1
kala-health-huid-haar-en-nagel-plus-optimsm-gel,"Huid, Haar & Nagel + OptiMSM® Gel",add_comments_tab|gebruikdosering_tab|samenstelling_tab,5819,1
kala-health-rhodiola-extract,Rhodiola Extract,gebruikdosering_tab|samenstelling_tab,5728,2
kala-health-the-akkermansia-company-darmcomfort,The Akkermansia Company® Darmcomfort,add_comments_tab|gebruikdosering_tab|samenstelling_tab,9498,2
kala-health-vitamine-d3-plus-k2-50mcg-75mcg,Vitamine D3 + K2 50mcg/ 75mcg,achtergrond_informatie_tab|add_comments_tab|gebruikdosering_tab|samenstelling_tab,15147,3
kala-health-liposomale-curcumine,Liposomale Curcumine,add_comments_tab|gebruikdosering_tab|samenstelling_tab,16224,4
kala-health-chaga-bio,Chaga Bio,add_comments_tab|gebruikdosering_tab|samenstelling_tab,3192,2
kala-health-probiotica,Probiotica,add_comments_tab|gebruikdosering_tab|samenstelling_tab,17088,4
kala-health-liposomaal-b-complex,Liposomaal B-complex,add_comments_tab|gebruikdosering_tab|samenstelling_tab,17804,5
kala-health-annatto-vitamine-e,Annatto Vitamine E,add_comments_tab|gebruikdosering_tab|samenstelling_tab,12992,5
kala-health-magnesium-citraat-tabletten,Magnesium Citraat Tabletten,achtergrond_informatie_tab|add_comments_tab|gebruikdosering_tab|samenstelling_tab,7376,2
kala-health-creatine-monohydraat-poeder,Creatine Monohydraat Poeder,add_comments_tab|gebruikdosering_tab|samenstelling_tab,4021,4
kala-health-gebufferde-vitamine-c,Gebufferde Vitamine C,gebruikdosering_tab|samenstelling_tab,4621,7
kala-health-magnesium-bisglycinaat-tabletten-200-mg,Magnesium Bisglycinaat Tabletten 200 mg,add_comments_tab|gebruikdosering_tab|samenstelling_tab,18566,4
kala-health-liposomale-ester-c,Liposomale Ester-C®,add_comments_tab|gebruikdosering_tab|samenstelling_tab,11228,7
kala-health-the-akkermansia-company-gewichtscontrole,The Akkermansia Company® Gewichtscontrole,add_comments_tab|gebruikdosering_tab|samenstelling_tab,9336,4
kala-health-magnesium-complex-poeder,Magnesium Complex Poeder,add_comments_tab|gebruikdosering_tab|samenstelling_tab,16100,4
kala-health-gebufferde-vitamine-c-poeder,Gebufferde Vitamine C Poeder,add_comments_tab|gebruikdosering_tab|samenstelling_tab,5252,5
kala-health-magnesium-citraat-poeder,Magnesium Citraat Poeder,gebruikdosering_tab|samenstelling_tab,4608,5
kala-health-magnesium-bisglycinaat-poeder,Magnesium Bisglycinaat Poeder,add_comments_tab|gebruikdosering_tab|samenstelling_tab,16941,6
kala-health-magnesium-complex,Magnesium Complex,add_comments_tab|gebruikdosering_tab|samenstelling_tab,11010,6
kala-health-magnesium-en-calcium,Magnesium & Calcium,add_comments_tab|gebruikdosering_tab|samenstelling_tab,16226,6
kala-health-vitamine-e-t8-max-400ie-50mg,Vitamine E T8 MAX 400IE/50mg,add_comments_tab|gebruikdosering_tab|samenstelling_tab,19616,7
kala-health-vitamine-e-strong-450ie-100mg,Vitamine E Strong 450IE/100mg,achtergrond_informatie_tab|gebruikdosering_tab|samenstelling_tab,7834,5
kala-health-vitamine-e-ultra-tocotrienol,Vitamine E Ultra Tocotriënol,add_comments_tab|gebruikdosering_tab|samenstelling_tab,20266,8
kala-health-vitamine-e-ultra-tocoferol,Vitamine E Ultra Tocoferol,achtergrond_informatie_tab|gebruikdosering_tab|samenstelling_tab,6640,5
kala-health-vitamine-c-poeder-l-ascorbinezuur,Vitamine C Poeder (L-Ascorbinezuur),add_comments_tab|gebruikdosering_tab|samenstelling_tab,17667,6
kala-health-natuurlijke-multivitamine,Natuurlijke Multivitamine,add_comments_tab|gebruikdosering_tab|samenstelling_tab,26873,6
kala-health-optimsm-tabletten,OptiMSM® tabletten,achtergrond_informatie_tab|add_comments_tab|gebruikdosering_tab|samenstelling_tab,16568,6
kala-health-plantaardige-voedingsvezel-capsules,Plantaardige voedingsvezel capsules,gebruikdosering_tab|samenstelling_tab,2360,4
kala-health-huid-haar-nagel,Huid Haar Nagel,gebruikdosering_tab|samenstelling_tab,3184,2
kala-health-vegan-omega-3,Vegan Omega 3,add_comments_tab|gebruikdosering_tab|samenstelling_tab,8670,6
kala-health-groenlipmosselolie-aspitol,Groenlipmosselolie (Aspitol®),add_comments_tab|gebruikdosering_tab|samenstelling_tab,14830,6
kala-health-krillolie,Krillolie,add_comments_tab|gebruikdosering_tab|samenstelling_tab,15767,7
kala-health-glucosamine-hcl-naturglux,Glucosamine HCl (NaturGlux®),gebruikdosering_tab|samenstelling_tab,7398,6
kala-health-msmgc-vegan,MSMGC Vegan,add_comments_tab|gebruikdosering_tab|samenstelling_tab,27457,4
kala-health-cm-creme-msm,CM Crème (MSM),gebruikdosering_tab|samenstelling_tab,5512,1
kala-health-msmgc-tabletten,MSMGC Tabletten,add_comments_tab|gebruikdosering_tab|samenstelling_tab,24092,6
kala-health-optimsm-capsules,OptiMSM® Capsules,add_comments_tab|gebruikdosering_tab|samenstelling_tab,28183,6
kala-health-natuurlijke-enzymen,Natuurlijke Enzymen,add_comments_tab|gebruikdosering_tab|samenstelling_tab,19039,5
kala-health-msmgc-plus-capsules,MSMGC Plus Capsules,add_comments_tab|gebruikdosering_tab|samenstelling_tab,31116,5
kala-health-astaxanthine,Astaxanthine,gebruikdosering_tab|samenstelling_tab,6568,5
kala-health-co-enzym-q10,Co-enzym Q10,gebruikdosering_tab|samenstelling_tab,4277,5
kala-health-vegan-cordyceps-bio,Vegan Cordyceps BIO,gebruikdosering_tab|samenstelling_tab,7729,5
kala-health-vegan-mushroommix-bio,Vegan Mushroommix BIO,add_comments_tab|gebruikdosering_tab|samenstelling_tab,12990,7
kala-health-mineralen-complex,Mineralen Complex,add_comments_tab|gebruikdosering_tab|samenstelling_tab,17754,7
kala-health-vitamine-d3-3000-iu,Vitamine D3 3000 IU,add_comments_tab|gebruikdosering_tab|samenstelling_tab,5480,5
kala-health-vitamine-e-t8-vegan,Vitamine E T8 Vegan,add_comments_tab|gebruikdosering_tab|samenstelling_tab,17153,9
kala-health-vitamine-c-ester-c,Vitamine C (Ester-C®),gebruikdosering_tab|samenstelling_tab,9360,6
kala-health-optimsm-gel,OptiMSM® Gel,add_comments_tab|samenstelling_tab,4642,4
kala-health-vitamine-e-t8-compleet,Vitamine E T8 Compleet,add_comments_tab|gebruikdosering_tab|samenstelling_tab,20762,10
kala-health-optimsm-poeder,OptiMSM® Poeder,achtergrond_informatie_tab|add_comments_tab|gebruikdosering_tab|samenstelling_tab,22466,8
