handle,reden,fragment
kala-health-liposomaal-ijzer,shortcode,[vc_row]
kala-health-liposomaal-ijzer,shortcode,[vc_column]
kala-health-liposomaal-ijzer,shortcode,[vc_column_text]
kala-health-liposomaal-ijzer,shortcode,[/vc_column_text]
kala-health-liposomaal-ijzer,shortcode,[/vc_column]
kala-health-liposomaal-ijzer,shortcode,[/vc_row]
kala-health-liposomaal-ijzer,sectie,Waarom koop je bij Kala Health? We ontwikkelen onze formuleringen zelf: van grondstof tot eindproduct. Alles wordt onder kwaliteitscontrole uitgevoerd in onze eigen fabriek in Oldenzaal. Doordat we ge
kala-health-liposomaal-ijzer,auteur,"Geschreven door Marijn Lewis, PhD Wetenschapscommunicatie & Voedingsonderzoek bij Kala Health"
kala-health-liposomaal-ijzer,eigen winkel,De informatie op deze pagina is uitsluitend bedoeld ter informatie en vervangt geen professioneel medisch advies.
kala-health-liposomaal-ijzer,contact,Heb je vragen over dit product of wil je persoonlijk advies? Bel ons op (+31) 070-345-0290 of mail naar info@kalahealth.nl .
kala-health-butyragen-butyraat-capsules,shortcode,[vc_row]
kala-health-butyragen-butyraat-capsules,shortcode,[vc_column]
kala-health-butyragen-butyraat-capsules,shortcode,[vc_column_text css=&#8221;&#8221;]
kala-health-butyragen-butyraat-capsules,shortcode,[/vc_column_text]
kala-health-butyragen-butyraat-capsules,shortcode,[/vc_column]
kala-health-butyragen-butyraat-capsules,shortcode,[/vc_row]
kala-health-butyragen-butyraat-capsules,sectie,"Over Kala Health Kala Health bestaat sinds 1997. Sindsdien formuleren wij onze eigen supplementen, behandelen wij clienten en adviseren wij over voeding en suppletie. Die combinatie van ontwikkelen, p"
kala-health-butyragen-butyraat-capsules,kruisverkoop,"Bekijk onze eigen Probiotica , ontwikkeld en geproduceerd volgens dezelfde filosofie: eigen formulering, eigen fabriek, eigen analyses."
kala-health-butyragen-butyraat-capsules,kruisverkoop,"Zelfde verhaal als ButyraGen: wij importeren de grondstof, testen het, capsuleren in eigen huis en verkopen rechtstreeks. Daarom ook hier de helft van de gangbare marktprijs. Bekijk de Akkermansia Cap"
kala-health-butyragen-butyraat-capsules,eigen winkel,Het analysecertificaat en het Product Specification Sheet vind je in de productgalerij op deze pagina.
kala-health-butyragen-butyraat-capsules,eigen winkel (heel blok),Analysecertificaat en Product Specification Sheet te bekijken in de productgalerij
kala-health-butyragen-butyraat-capsules,contact,Wil je meer weten over ButyraGen of heb je vragen over je eigen situatie? Ons team van voedingsspecialisten en therapeuten denkt graag met je mee. Bel ons op (+31) 070 345 0290 of mail naar info@kalah
kala-health-butyragen-butyraat-capsules,contact,Neem dan contact met ons op.
kala-health-liposomale-quercetine,shortcode,[vc_row]
kala-health-liposomale-quercetine,shortcode,[vc_column]
kala-health-liposomale-quercetine,shortcode,[vc_column_text css=&#8221;&#8221;]
kala-health-liposomale-quercetine,shortcode,[/vc_column_text]
kala-health-liposomale-quercetine,shortcode,[/vc_column]
kala-health-liposomale-quercetine,shortcode,[/vc_row]
kala-health-liposomale-quercetine,auteur,"Geschreven door Marijn Lewis, PhD Wetenschapscommunicatie & Voedingsonderzoek bij Kala Health"
kala-health-liposomale-quercetine,eigen winkel,De informatie op deze pagina is uitsluitend bedoeld ter informatie en vervangt geen professioneel medisch advies.
kala-health-liposomale-quercetine,contact,Heb je vragen over dit product of wil je persoonlijk advies? Bel ons op (+31) 070-345-0290 of mail naar info@kalahealth.nl .
kala-health-liposomaal-glutathion,shortcode,[vc_row]
kala-health-liposomaal-glutathion,shortcode,[vc_column]
kala-health-liposomaal-glutathion,shortcode,[vc_column_text]
kala-health-liposomaal-glutathion,shortcode,[/vc_column_text]
kala-health-liposomaal-glutathion,shortcode,[/vc_column]
kala-health-liposomaal-glutathion,shortcode,[/vc_row]
kala-health-liposomaal-glutathion,auteur,"Geschreven door Marijn Lewis, PhD Wetenschapscommunicatie & Voedingsonderzoek bij Kala Health"
kala-health-liposomaal-glutathion,eigen winkel,De informatie op deze pagina is uitsluitend bedoeld ter informatie en vervangt geen professioneel medisch advies.
kala-health-liposomaal-glutathion,contact,Heb je vragen over dit product of wil je persoonlijk advies? Bel ons op (+31) 070-345-0290 of mail naar info@kalahealth.nl .
kala-health-liposomaal-pea,shortcode,[vc_row]
kala-health-liposomaal-pea,shortcode,[vc_column]
kala-health-liposomaal-pea,shortcode,[vc_column_text]
kala-health-liposomaal-pea,shortcode,[/vc_column_text]
kala-health-liposomaal-pea,shortcode,[/vc_column]
kala-health-liposomaal-pea,shortcode,[/vc_row]
kala-health-liposomaal-pea,auteur,"Geschreven door Marijn Lewis, PhD Wetenschapscommunicatie & Voedingsonderzoek bij Kala Health"
kala-health-liposomaal-pea,eigen winkel,De informatie op deze pagina is uitsluitend bedoeld ter informatie en vervangt geen professioneel medisch advies.
kala-health-liposomaal-pea,contact,Heb je vragen over dit product of wil je persoonlijk advies? Bel ons op (+31) 070-345-0290 of mail naar info@kalahealth.nl .
kala-health-liposomaal-resveratrol,shortcode,[vc_row]
kala-health-liposomaal-resveratrol,shortcode,[vc_column]
kala-health-liposomaal-resveratrol,shortcode,[vc_column_text]
kala-health-liposomaal-resveratrol,shortcode,[/vc_column_text]
kala-health-liposomaal-resveratrol,shortcode,[/vc_column]
kala-health-liposomaal-resveratrol,shortcode,[/vc_row]
kala-health-liposomaal-resveratrol,auteur,"Geschreven door Marijn Lewis, PhD Wetenschapscommunicatie & Voedingsonderzoek bij Kala Health"
kala-health-liposomaal-resveratrol,eigen winkel,De informatie op deze pagina is uitsluitend bedoeld ter informatie en vervangt geen professioneel medisch advies.
kala-health-liposomaal-resveratrol,contact,Heb je vragen over dit product of wil je persoonlijk advies? Bel ons op (+31) 070-345-0290 of mail naar info@kalahealth.nl .
kala-health-liposomale-vitamine-b12-plus-folaat,shortcode,[vc_row]
kala-health-liposomale-vitamine-b12-plus-folaat,shortcode,[vc_column]
kala-health-liposomale-vitamine-b12-plus-folaat,shortcode,[vc_column_text css=&#8221;&#8221;]
kala-health-liposomale-vitamine-b12-plus-folaat,shortcode,[/vc_column_text]
kala-health-liposomale-vitamine-b12-plus-folaat,shortcode,[/vc_column]
kala-health-liposomale-vitamine-b12-plus-folaat,shortcode,[/vc_row]
kala-health-liposomale-vitamine-b12-plus-folaat,sectie,"Over Kala Health Kala Health ontwikkelt, produceert en verkoopt sinds 1997 zijn eigen voedingssupplementen. Die combinatie van ontwikkelen, produceren én adviseren is altijd de kern van het merk gewee"
kala-health-liposomale-vitamine-b12-plus-folaat,eigen winkel,"Hoe dat er in de darm uitziet, laat de illustratie in de productgalerij zien."
kala-health-liposomale-vitamine-b12-plus-folaat,contact,Wil je meer weten of heb je vragen over je eigen situatie? Ons team van voedingsspecialisten en therapeuten denkt graag met je mee. Bel ons op (+31) 070 345 0290 of mail naar info@kalahealth.nl .
kala-health-plantaardige-voedingsvezels,shortcode,[vc_row]
kala-health-plantaardige-voedingsvezels,shortcode,[vc_column]
kala-health-plantaardige-voedingsvezels,shortcode,[vc_column_text css=&#8221;&#8221;]
kala-health-plantaardige-voedingsvezels,shortcode,[/vc_column_text]
kala-health-plantaardige-voedingsvezels,shortcode,[/vc_column]
kala-health-plantaardige-voedingsvezels,shortcode,[/vc_row]
kala-health-plantaardige-voedingsvezels,sectie,"Ook interessant Geïnteresseerd in het darmmicrobioom? Bekijk dan ook onze Akkermansia-producten: → Akkermansia Capsules – ons eigen product met Akkermansia Muciniphila , geproduceerd in Nederland."
kala-health-plantaardige-voedingsvezels,auteur,"Geschreven door Marijn Lewis, PhD Wetenschapscommunicatie & Voedingsonderzoek bij Kala Health"
kala-health-plantaardige-voedingsvezels,contact,Vragen over dit product? Bel ons op (+31) 070-345-0290 of mail naar info@kalahealth.nl
kala-health-gewrichten-bundel,shortcode,[vc_row]
kala-health-gewrichten-bundel,shortcode,[vc_column]
kala-health-gewrichten-bundel,shortcode,[vc_column_text css=&#8221;&#8221;]
kala-health-gewrichten-bundel,shortcode,[/vc_column_text]
kala-health-gewrichten-bundel,shortcode,[/vc_column]
kala-health-gewrichten-bundel,shortcode,[/vc_row]
kala-health-gewrichten-bundel,kruisverkoop,→ Lees meer over Groenlipmosselolie
kala-health-gewrichten-bundel,kruisverkoop,→ Lees meer over MSMGC Plus
kala-health-gewrichten-bundel,kruisverkoop,→ Lees meer over CM Crème
kala-health-gewrichten-bundel,contact (heel blok),Vanwege wettelijke beperkingen mogen wij niet alle details over de mogelijke werking van deze voedingssupplementen vermelden. Voor inhoudelijke vragen of persoonlijk advies zijn wij telefonisch bereik
kala-health-gewrichten-bundel,contact (heel blok),"Nog vragen? Neem contact met ons op voor persoonlijk advies, of bestel direct voor hoogwaardige dagelijkse voedingssupplementen."
kala-health-meer-energie-bundel,shortcode,[vc_row]
kala-health-meer-energie-bundel,shortcode,[vc_column]
kala-health-meer-energie-bundel,shortcode,[vc_column_text css=&#8221;&#8221;]
kala-health-meer-energie-bundel,shortcode,[/vc_column_text]
kala-health-meer-energie-bundel,shortcode,[/vc_column]
kala-health-meer-energie-bundel,shortcode,[/vc_row]
kala-health-meer-energie-bundel,kruisverkoop,→ Lees meer over Co-enzym Q10
kala-health-meer-energie-bundel,kruisverkoop,→ Lees meer over Magnesium Complex Poeder
kala-health-meer-energie-bundel,kruisverkoop,→ Lees meer over Vitamine E T8 Compleet
kala-health-meer-energie-bundel,contact (heel blok),Vanwege wettelijke beperkingen mogen wij niet alle details over de mogelijke werking van deze voedingssupplementen vermelden. Voor inhoudelijke vragen of persoonlijk advies zijn wij telefonisch bereik
kala-health-meer-energie-bundel,contact (heel blok),"Nog vragen? Neem contact met ons op voor persoonlijk advies, of bestel direct voor hoogwaardige dagelijkse voedingssupplementen."
kala-health-lions-mane-bio-poeder,shortcode,[vc_row]
kala-health-lions-mane-bio-poeder,shortcode,[vc_column]
kala-health-lions-mane-bio-poeder,shortcode,[vc_column_text css=&#8221;&#8221;]
kala-health-lions-mane-bio-poeder,shortcode,[/vc_column_text]
kala-health-lions-mane-bio-poeder,shortcode,[/vc_column]
kala-health-lions-mane-bio-poeder,shortcode,[/vc_row]
kala-health-lions-mane-bio-poeder,contact (heel blok),Vanwege wettelijke beperkingen mogen wij niet alle details over de mogelijke werking van dit voedingssupplement vermelden. Voor inhoudelijke vragen of persoonlijk advies zijn wij telefonisch bereikbaa
kala-health-lions-mane-bio-poeder,contact (heel blok),"Nog vragen? Neem contact met ons op voor persoonlijk advies, of bestel direct en ervaar de biologische Lion’s Mane zelf."
kala-health-lions-mane-bio-poeder,contact,Neem voor persoonlijk advies gerust contact met ons op via (+31) 070-345-0290.
kala-health-shiitake-bio-poeder,shortcode,[vc_row]
kala-health-shiitake-bio-poeder,shortcode,[vc_column]
kala-health-shiitake-bio-poeder,shortcode,[vc_column_text css=&#8221;&#8221;]
kala-health-shiitake-bio-poeder,shortcode,[/vc_column_text]
kala-health-shiitake-bio-poeder,shortcode,[/vc_column]
kala-health-shiitake-bio-poeder,shortcode,[/vc_row]
kala-health-shiitake-bio-poeder,contact (heel blok),Vanwege wettelijke beperkingen mogen wij niet alle details over de mogelijke werking van dit voedingssupplement vermelden. Voor inhoudelijke vragen of persoonlijk advies zijn wij telefonisch bereikbaa
kala-health-shiitake-bio-poeder,contact (heel blok),"Nog vragen? Neem contact met ons op voor persoonlijk advies, of bestel direct en ervaar zelf de kracht van biologische Shiitake."
kala-health-shiitake-bio-poeder,contact,"U kunt ook contact met ons opnemen via onze website of ons bezoeken op ons adres: De Scheysloot 40, 2201 GN Noordwijk, Nederland."
kala-health-shiitake-bio-poeder,contact,Neem voor persoonlijk advies gerust contact met ons op via (+31) 070-345-0290.
kala-health-betere-weerstand-bundel,shortcode,[vc_row]
kala-health-betere-weerstand-bundel,shortcode,[vc_column]
kala-health-betere-weerstand-bundel,shortcode,[vc_column_text css=&#8221;&#8221;]
kala-health-betere-weerstand-bundel,shortcode,[/vc_column_text]
kala-health-betere-weerstand-bundel,shortcode,[/vc_column]
kala-health-betere-weerstand-bundel,shortcode,[/vc_row]
kala-health-betere-weerstand-bundel,kruisverkoop,→ Lees meer over Vitamine D3 + K2 (50/75)
kala-health-betere-weerstand-bundel,kruisverkoop,→ Lees meer over Vegan Mushroommix BIO
kala-health-betere-weerstand-bundel,kruisverkoop,→ Lees meer over Calciumascorbaat Poeder
kala-health-betere-weerstand-bundel,contact (heel blok),Vanwege wettelijke beperkingen mogen wij niet alle details over de mogelijke werking van deze voedingssupplementen vermelden. Voor inhoudelijke vragen of persoonlijk advies zijn wij telefonisch bereik
kala-health-betere-weerstand-bundel,contact (heel blok),"Nog vragen? Neem contact met ons op voor persoonlijk advies, of bestel direct en werk vandaag aan een sterk en veerkrachtig immuunsysteem."
kala-health-reishi-bio-poeder,shortcode,[vc_row]
kala-health-reishi-bio-poeder,shortcode,[vc_column]
kala-health-reishi-bio-poeder,shortcode,[vc_column_text css=&#8221;&#8221;]
kala-health-reishi-bio-poeder,shortcode,[/vc_column_text]
kala-health-reishi-bio-poeder,shortcode,[/vc_column]
kala-health-reishi-bio-poeder,shortcode,[/vc_row]
kala-health-reishi-bio-poeder,contact (heel blok),Vanwege wettelijke beperkingen mogen wij niet alle details over de mogelijke werking van dit voedingssupplement vermelden. Voor inhoudelijke vragen of persoonlijk advies zijn wij telefonisch bereikbaa
kala-health-reishi-bio-poeder,contact (heel blok),"Nog vragen? Neem contact met ons op voor persoonlijk advies, of bestel direct en ervaar zelf de kracht van biologische Reishi."
kala-health-reishi-bio-poeder,contact,"U kunt ook contact met ons opnemen via onze website of ons bezoeken op ons adres: De Scheysloot 40, 2201 GN Noordwijk, Nederland."
kala-health-reishi-bio-poeder,contact,Neem voor persoonlijk advies gerust contact met ons op via (+31) 070-345-0290.
kala-health-maitake-bio-poeder,shortcode,[vc_row]
kala-health-maitake-bio-poeder,shortcode,[vc_column]
kala-health-maitake-bio-poeder,shortcode,[vc_column_text css=&#8221;&#8221;]
kala-health-maitake-bio-poeder,shortcode,[/vc_column_text]
kala-health-maitake-bio-poeder,shortcode,[/vc_column]
kala-health-maitake-bio-poeder,shortcode,[/vc_row]
kala-health-maitake-bio-poeder,contact (heel blok),Vanwege wettelijke beperkingen mogen wij niet alle details over de mogelijke werking van dit voedingssupplement vermelden. Voor inhoudelijke vragen of persoonlijk advies zijn wij telefonisch bereikbaa
kala-health-maitake-bio-poeder,contact (heel blok),"Nog vragen? Neem contact met ons op voor persoonlijk advies, of bestel direct en ervaar zelf de kracht van biologische Maitake."
kala-health-maitake-bio-poeder,contact,"U kunt ook contact met ons opnemen via onze website of ons bezoeken op ons adres: De Scheysloot 40, 2201 GN Noordwijk, Nederland."
kala-health-maitake-bio-poeder,contact (heel blok),"Maitake poeder kan in principe worden gecombineerd met andere voedingssupplementen. Omdat paddenstoelen echter bioactieve stoffen bevatten, is het verstandig om bij medicijngebruik – vooral bloedverdu"
kala-health-cordyceps-poeder-bio,shortcode,[vc_row]
kala-health-cordyceps-poeder-bio,shortcode,[vc_column]
kala-health-cordyceps-poeder-bio,shortcode,[vc_column_text css=&#8221;&#8221;]
kala-health-cordyceps-poeder-bio,shortcode,[/vc_column_text]
kala-health-cordyceps-poeder-bio,shortcode,[/vc_column]
kala-health-cordyceps-poeder-bio,shortcode,[/vc_row]
kala-health-cordyceps-poeder-bio,contact,Heb je nog vragen over dit product of wil je persoonlijk advies? Bel ons op (+31) 070-345-0290 of mail naar info@kalahealth.nl .
kala-health-cordyceps-poeder-bio,contact,Neem voor persoonlijk advies gerust contact met ons op via (+31) 070-345-0290.
kala-health-chaga-bio-poeder,shortcode,[vc_row]
kala-health-chaga-bio-poeder,shortcode,[vc_column]
kala-health-chaga-bio-poeder,shortcode,[vc_column_text css=&#8221;&#8221;]
kala-health-chaga-bio-poeder,shortcode,[/vc_column_text]
kala-health-chaga-bio-poeder,shortcode,[/vc_column]
kala-health-chaga-bio-poeder,shortcode,[/vc_row]
kala-health-chaga-bio-poeder,contact (heel blok),Vanwege wettelijke beperkingen mogen wij niet alle details over de mogelijke werking van dit voedingssupplement vermelden. Voor inhoudelijke vragen of persoonlijk advies zijn wij telefonisch bereikbaa
kala-health-chaga-bio-poeder,contact (heel blok),"Nog vragen? Neem contact met ons op voor persoonlijk advies, of bestel direct en ervaar zelf de kracht van biologische Chaga."
kala-health-chaga-bio-poeder,contact,Neem voor persoonlijk advies gerust contact met ons op via (+31) 070-345-0290.
kala-health-akkermansia-muciniphila-capsules,shortcode,[vc_row]
kala-health-akkermansia-muciniphila-capsules,shortcode,[vc_column]
kala-health-akkermansia-muciniphila-capsules,shortcode,[vc_column_text css=&#8221;&#8221;]
kala-health-akkermansia-muciniphila-capsules,shortcode,[/vc_column_text]
kala-health-akkermansia-muciniphila-capsules,shortcode,[/vc_column]
kala-health-akkermansia-muciniphila-capsules,shortcode,[/vc_row]
kala-health-akkermansia-muciniphila-capsules,sectie,"Over Kala Health Kala Health is in 1997 opgericht door Paul Klein Breteler. Sindsdien formuleert hij zijn eigen supplementen, behandelt cliënten en adviseert over voeding en suppletie. Die combinatie "
kala-health-akkermansia-muciniphila-capsules,eigen winkel,"De volledige studie is vrij toegankelijk via de referentie op deze pagina (Depommier et al., 2019)."
kala-health-akkermansia-muciniphila-capsules,eigen winkel,Alle specificaties zijn te bekijken in de productgalerij op deze pagina.
kala-health-akkermansia-muciniphila-capsules,eigen winkel (heel blok),Product Specification Sheet te bekijken in de productgalerij
kala-health-akkermansia-muciniphila-capsules,contact,Wil je meer weten over Akkermansia of heb je vragen over je eigen situatie? Ons team van voedingsspecialisten en therapeuten denkt graag met je mee. Bel ons op (+31) 070 345 0290 of mail naar info@kal
kala-health-akkermansia-muciniphila-capsules,contact,Neem dan contact met ons op.
kala-health-akkermansia-muciniphila-capsules,eigen winkel,De volledige studie is vrij toegankelijk via de referentie op deze pagina.
kala-health-akkermansia-muciniphila-capsules,contact,Bij vragen over jouw persoonlijke situatie staat ons team van voedingsspecialisten voor je klaar via (+31) 070 345 0290.
kala-health-akkermansia-muciniphila-capsules,contact (heel blok),"Ja. Omdat het een gepasteuriseerde bacterie betreft, zijn er geen interacties met levende probiotische stammen. Akkermansia muciniphila kan in principe worden gecombineerd met andere voedingssupplemen"
kala-health-optimsm-poeder-matcha,shortcode,[vc_row]
kala-health-optimsm-poeder-matcha,shortcode,[vc_column]
kala-health-optimsm-poeder-matcha,shortcode,[vc_column_text css=&#8221;&#8221;]
kala-health-optimsm-poeder-matcha,shortcode,[/vc_column_text]
kala-health-optimsm-poeder-matcha,shortcode,[/vc_column]
kala-health-optimsm-poeder-matcha,shortcode,[/vc_row]
kala-health-optimsm-poeder-matcha,contact,Bel ons vrijblijvend voor therapeutisch advies.
kala-health-optimsm-poeder-matcha,contact (heel blok),Vanwege wettelijke beperkingen mogen wij niet alle details over de mogelijke werking van dit voedingssupplement vermelden. Voor inhoudelijke vragen of persoonlijk advies zijn wij telefonisch bereikbaa
kala-health-optimsm-poeder-matcha,contact (heel blok),"Nog vragen? Neem contact met ons op voor persoonlijk advies, of bestel direct en ervaar zelf het verschil van premium OptiMSM®."
kala-health-optimsm-poeder-matcha,contact,"U kunt ook contact met ons opnemen via onze website of ons bezoeken op ons adres: De Scheysloot 40, 2201 GN Noordwijk, Nederland."
kala-health-optimsm-poeder-matcha,contact,Bel ons bij vragen of voor advies.
kala-health-optimsm-poeder-perzik,shortcode,[vc_row]
kala-health-optimsm-poeder-perzik,shortcode,[vc_column]
kala-health-optimsm-poeder-perzik,shortcode,[vc_column_text css=&#8221;&#8221;]
kala-health-optimsm-poeder-perzik,shortcode,[/vc_column_text]
kala-health-optimsm-poeder-perzik,shortcode,[/vc_column]
kala-health-optimsm-poeder-perzik,shortcode,[/vc_row]
kala-health-optimsm-poeder-perzik,contact,Bel ons vrijblijvend voor therapeutisch advies.
kala-health-optimsm-poeder-perzik,contact (heel blok),Vanwege wettelijke beperkingen mogen wij niet alle details over de mogelijke werking van dit voedingssupplement vermelden. Voor inhoudelijke vragen of persoonlijk advies zijn wij telefonisch bereikbaa
kala-health-optimsm-poeder-perzik,contact (heel blok),"Nog vragen? Neem contact met ons op voor persoonlijk advies, of bestel direct en ervaar zelf het verschil van premium OptiMSM®."
kala-health-optimsm-poeder-perzik,contact,"U kunt ook contact met ons opnemen via onze website of ons bezoeken op ons adres: De Scheysloot 40, 2201 GN Noordwijk, Nederland."
kala-health-optimsm-poeder-perzik,contact,Bel ons bij vragen of voor advies.
kala-health-optimsm-poeder-citroen,shortcode,[vc_row]
kala-health-optimsm-poeder-citroen,shortcode,[vc_column]
kala-health-optimsm-poeder-citroen,shortcode,[vc_column_text css=&#8221;&#8221;]
kala-health-optimsm-poeder-citroen,shortcode,[/vc_column_text]
kala-health-optimsm-poeder-citroen,shortcode,[/vc_column]
kala-health-optimsm-poeder-citroen,shortcode,[/vc_row]
kala-health-optimsm-poeder-citroen,contact,Bel ons vrijblijvend voor therapeutisch advies.
kala-health-optimsm-poeder-citroen,contact (heel blok),Vanwege wettelijke beperkingen mogen wij niet alle details over de mogelijke werking van dit voedingssupplement vermelden. Voor inhoudelijke vragen of persoonlijk advies zijn wij telefonisch bereikbaa
kala-health-optimsm-poeder-citroen,contact (heel blok),"Nog vragen? Neem contact met ons op voor persoonlijk advies, of bestel direct en ervaar zelf het verschil van premium OptiMSM®."
kala-health-optimsm-poeder-citroen,contact,"U kunt ook contact met ons opnemen via onze website of ons bezoeken op ons adres: De Scheysloot 40, 2201 GN Noordwijk, Nederland."
kala-health-optimsm-poeder-citroen,contact,Bel ons bij vragen of voor advies.
kala-health-betere-huid-bundel,kruisverkoop,→ Lees meer over Vegan Omega-3
kala-health-betere-huid-bundel,kruisverkoop,→ Lees meer over Huid-Haar-Nagel
kala-health-betere-huid-bundel,kruisverkoop,→ Lees meer over OptiMSM® Gel
kala-health-betere-huid-bundel,contact (heel blok),Vanwege wettelijke beperkingen mogen wij niet alle details over de mogelijke werking van dit voedingssupplement vermelden. Voor inhoudelijke vragen of persoonlijk advies zijn wij telefonisch bereikbaa
kala-health-betere-huid-bundel,contact (heel blok),"Nog vragen? Neem contact met ons op voor persoonlijk advies, of bestel direct en werk vandaag aan een stralende, gezonde huid van binnenuit."
kala-health-beter-slapen-bundel,kruisverkoop,→ Lees meer over Magnesium Complex Poeder
kala-health-beter-slapen-bundel,kruisverkoop,→ Lees meer over Liposomaal B-complex
kala-health-beter-slapen-bundel,contact (heel blok),Vanwege wettelijke beperkingen mogen wij niet alle details over de mogelijke werking van dit voedingssupplement vermelden. Voor inhoudelijke vragen of persoonlijk advies zijn wij telefonisch bereikbaa
kala-health-beter-slapen-bundel,contact (heel blok),"Nog vragen? Neem contact met ons op voor persoonlijk advies, of bestel direct en werk vandaag aan rust, ontspanning en dagelijkse balans."
kala-health-dagelijkse-basis-bundel,kruisverkoop,→ Lees meer over Krillolie
kala-health-dagelijkse-basis-bundel,kruisverkoop,→ Lees meer over Mineralen Complex
kala-health-dagelijkse-basis-bundel,kruisverkoop,→ Lees meer over de Multivitamine
kala-health-dagelijkse-basis-bundel,contact (heel blok),Vanwege wettelijke beperkingen mogen wij niet alle details over de mogelijke werking van dit voedingssupplement vermelden. Voor inhoudelijke vragen of persoonlijk advies zijn wij telefonisch bereikbaa
kala-health-dagelijkse-basis-bundel,contact (heel blok),"Nog vragen? Neem contact met ons op voor persoonlijk advies, of bestel direct en leg vandaag de basis voor optimale dagelijkse ondersteuning."
kala-health-magnesium-bisglycinaat-capsules,shortcode,[vc_row]
kala-health-magnesium-bisglycinaat-capsules,shortcode,[vc_column]
kala-health-magnesium-bisglycinaat-capsules,shortcode,[vc_column_text css=&#8221;&#8221;]
kala-health-magnesium-bisglycinaat-capsules,shortcode,[/vc_column_text]
kala-health-magnesium-bisglycinaat-capsules,shortcode,[/vc_column]
kala-health-magnesium-bisglycinaat-capsules,shortcode,[/vc_row]
kala-health-magnesium-bisglycinaat-capsules,eigen winkel,Beide documenten zijn openbaar beschikbaar in de productgalerij.
kala-health-magnesium-bisglycinaat-capsules,eigen winkel,Zowel de Product Specification Sheet als het Eurofins analysecertificaat zijn ter inkijk beschikbaar in de productgalerij op deze pagina.
kala-health-magnesium-bisglycinaat-capsules,contact (heel blok),Vanwege wettelijke beperkingen mogen wij niet alle details over de mogelijke werking van dit voedingssupplement vermelden. Voor inhoudelijke vragen of persoonlijk advies zijn wij telefonisch bereikbaa
kala-health-magnesium-bisglycinaat-capsules,eigen winkel,De Product Specification Sheet en het Eurofins analysecertificaat zijn ter inkijk beschikbaar in de productgalerij op deze pagina.
kala-health-liposomale-magnesium-capsules,shortcode,[vc_row]
kala-health-liposomale-magnesium-capsules,shortcode,[vc_column]
kala-health-liposomale-magnesium-capsules,shortcode,[vc_column_text css=&#8221;&#8221;]
kala-health-liposomale-magnesium-capsules,shortcode,[/vc_column_text]
kala-health-liposomale-magnesium-capsules,shortcode,[/vc_column]
kala-health-liposomale-magnesium-capsules,shortcode,[/vc_row]
kala-health-liposomale-magnesium-capsules,contact,Heb je vragen over dit product of wil je persoonlijk advies? Bel ons op (+31) 070-345-0290 of mail naar info@kalahealth.nl .
kala-health-ashwagandha-extract,shortcode,[vc_row]
kala-health-ashwagandha-extract,shortcode,[vc_column]
kala-health-ashwagandha-extract,shortcode,[vc_column_text css=&#8221;&#8221;]
kala-health-ashwagandha-extract,shortcode,[/vc_column_text]
kala-health-ashwagandha-extract,shortcode,[/vc_column]
kala-health-ashwagandha-extract,shortcode,[/vc_row]
kala-health-ashwagandha-extract,sectie,"Over Kala Health Kala Health is in 1997 opgericht door Paul Klein Breteler. Sindsdien formuleert hij zijn eigen supplementen, behandelt cliënten en adviseert over voeding en suppletie. Die combinatie "
kala-health-ashwagandha-extract,eigen winkel,De volledige productspecificatie is te bekijken in de productgalerij op deze pagina.
kala-health-ashwagandha-extract,eigen winkel (heel blok),*De met een asterisk gemarkeerde uitspraken op deze pagina verwijzen naar gezondheidsclaims en onderzoeksresultaten die in afwachting zijn van goedkeuring door de Europese Autoriteit voor Voedselveili
kala-health-ashwagandha-extract,eigen winkel (heel blok),Product Specification Sheet te bekijken in de productgalerij
kala-health-ashwagandha-extract,contact,Wil je meer weten over ashwagandha of heb je vragen over je eigen situatie? Ons team van voedingsspecialisten en therapeuten denkt graag met je mee. Bel ons op (+31) 070 345 0290 of mail naar info@kal
kala-health-magnesium-bisglycinaat-tabletten-100-mg,shortcode,[vc_row]
kala-health-magnesium-bisglycinaat-tabletten-100-mg,shortcode,[vc_column]
kala-health-magnesium-bisglycinaat-tabletten-100-mg,shortcode,[vc_column_text css=&#8221;&#8221;]
kala-health-magnesium-bisglycinaat-tabletten-100-mg,shortcode,[/vc_column_text]
kala-health-magnesium-bisglycinaat-tabletten-100-mg,shortcode,[/vc_column]
kala-health-magnesium-bisglycinaat-tabletten-100-mg,shortcode,[/vc_row]
kala-health-magnesium-bisglycinaat-tabletten-100-mg,contact (heel blok),Vanwege wettelijke beperkingen mogen wij niet alle details over de mogelijke werking van dit voedingssupplement vermelden. Voor inhoudelijke vragen of persoonlijk advies zijn wij telefonisch bereikbaa
kala-health-magnesium-complex-poeder-plus-vitamine-d3-plus-k2-50-mcg-75-mcg,contact,Vragen? Vanwege wettelijke beperkingen mogen we niet alle informatie rondom deze voedingssupplementen delen. Neem contact met ons op via info@kalahealth.nl of bel ons op werkdagen op (+31)(0)70 – 345 
kala-health-optimsm-poeder-plus-groenlipmosselolie-aspitol,contact,Vragen? Vanwege wettelijke beperkingen mogen we niet alle informatie rondom deze voedingssupplementen delen. Neem contact met ons op via info@kalahealth.nl of bel ons op werkdagen op (+31)(0)70 – 345 
kala-health-rhodiola-extract,shortcode,[vc_row]
kala-health-rhodiola-extract,shortcode,[vc_column]
kala-health-rhodiola-extract,shortcode,[vc_column_text css=&#8221;&#8221;]
kala-health-rhodiola-extract,shortcode,[/vc_column_text]
kala-health-rhodiola-extract,shortcode,[/vc_column]
kala-health-rhodiola-extract,shortcode,[/vc_row]
kala-health-rhodiola-extract,contact,Wil je meer weten over onze Rhodiola of heb je vragen over je eigen situatie? Wij denken graag met je mee. Bel ons op (+31) 070 345 0290 of mail naar info@kalahealth.nl .
kala-health-the-akkermansia-company-darmcomfort,shortcode,[vc_row]
kala-health-the-akkermansia-company-darmcomfort,shortcode,[vc_column]
kala-health-the-akkermansia-company-darmcomfort,shortcode,[vc_column_text css=&#8221;&#8221;]
kala-health-the-akkermansia-company-darmcomfort,shortcode,[/vc_column_text]
kala-health-the-akkermansia-company-darmcomfort,shortcode,[/vc_column]
kala-health-the-akkermansia-company-darmcomfort,shortcode,[/vc_row]
kala-health-the-akkermansia-company-darmcomfort,contact (heel blok),Vanwege wettelijke beperkingen mogen wij niet alle details over dit voedingssupplement vermelden. Voor inhoudelijke vragen of persoonlijk advies zijn wij bereikbaar via: (+31) 070-345-0290 of info@kal
kala-health-vitamine-d3-plus-k2-50mcg-75mcg,shortcode,[vc_row]
kala-health-vitamine-d3-plus-k2-50mcg-75mcg,shortcode,[vc_column]
kala-health-vitamine-d3-plus-k2-50mcg-75mcg,shortcode,[vc_column_text css=&#8221;&#8221;]
kala-health-vitamine-d3-plus-k2-50mcg-75mcg,shortcode,[/vc_column_text]
kala-health-vitamine-d3-plus-k2-50mcg-75mcg,shortcode,[/vc_column]
kala-health-vitamine-d3-plus-k2-50mcg-75mcg,shortcode,[/vc_row]
kala-health-vitamine-d3-plus-k2-50mcg-75mcg,sectie,"Over Kala Health Kala Health is in 1997 opgericht door Paul Klein Breteler. Sindsdien formuleren wij onze eigen supplementen, voorzien we onze klanten van vrijblijvend therapeutisch advies en delen we"
kala-health-vitamine-d3-plus-k2-50mcg-75mcg,eigen winkel (heel blok),Product Specification Sheet te bekijken in de productgalerij
kala-health-vitamine-d3-plus-k2-50mcg-75mcg,auteur,"Geschreven door Marijn Lewis, PhD Wetenschapscommunicatie & Voedingsonderzoek bij Kala Health"
kala-health-liposomale-curcumine,shortcode,[vc_row]
kala-health-liposomale-curcumine,shortcode,[vc_column]
kala-health-liposomale-curcumine,shortcode,[vc_column_text css=&#8221;&#8221;]
kala-health-liposomale-curcumine,shortcode,[/vc_column_text]
kala-health-liposomale-curcumine,shortcode,[/vc_column]
kala-health-liposomale-curcumine,shortcode,[/vc_row]
kala-health-liposomale-curcumine,contact (heel blok),Vanwege wettelijke beperkingen mogen wij niet alle details over de mogelijke werking van dit voedingssupplement vermelden. Voor inhoudelijke vragen of persoonlijk advies zijn wij telefonisch bereikbaa
kala-health-chaga-bio,shortcode,[vc_row]
kala-health-chaga-bio,shortcode,[vc_column]
kala-health-chaga-bio,shortcode,[vc_column_text]
kala-health-chaga-bio,shortcode,[/vc_column_text]
kala-health-chaga-bio,shortcode,[/vc_column]
kala-health-chaga-bio,shortcode,[/vc_row]
kala-health-chaga-bio,contact,Voor vragen zijn wij bereikbaar op 070-345-0290.
kala-health-probiotica,shortcode,[vc_row]
kala-health-probiotica,shortcode,[vc_column]
kala-health-probiotica,shortcode,[vc_column_text css=&#8221;&#8221;]
kala-health-probiotica,shortcode,[/vc_column_text]
kala-health-probiotica,shortcode,[/vc_column]
kala-health-probiotica,shortcode,[/vc_row]
kala-health-probiotica,sectie,"Over Kala Health Kala Health is in 1997 opgericht door Paul Klein Breteler. Van oudsher ontwikkelen wij supplementen voor therapeuten, artsen en voedingsdeskundigen. Die oorsprong is nog steeds voelba"
kala-health-probiotica,contact (heel blok),Vanwege Europese wetgeving kunnen wij geen gezondheidsclaims maken over probiotica. Voor inhoudelijke vragen over uw specifieke situatie kunt u contact opnemen met ons team van voedingsspecialisten vi
kala-health-probiotica,eigen winkel,De Product Specification Sheet en laboratoriumanalyse zijn openbaar beschikbaar in de productgalerij op deze pagina.
kala-health-probiotica,eigen winkel (heel blok),Product Specification Sheet en laboratoriumanalyse beschikbaar in de productgalerij
kala-health-probiotica,contact,Probiotica is goed te combineren met andere supplementen uit ons assortiment. Voor wie specifiek geïnteresseerd is in het microbioom biedt Akkermansia Muciniphila Capsules een aanvullend perspectief. 
kala-health-probiotica,contact,"Ons team van voedingsspecialisten, apotheker en therapeut denkt graag met u mee. Bel ons op (+31) 070 345 0290 of mail naar info@kalahealth.nl . Persoonlijk advies, gratis en zonder verplichting."
kala-health-probiotica,contact,Voor vragen over uw situatie zijn onze voedingsspecialisten bereikbaar op (+31) 070 345 0290.
kala-health-probiotica,contact,Ons team van voedingsspecialisten beantwoordt inhoudelijke vragen graag persoonlijk via (+31) 070 345 0290.
kala-health-probiotica,contact,Bel (+31) 070 345 0290.
kala-health-liposomaal-b-complex,shortcode,[vc_row]
kala-health-liposomaal-b-complex,shortcode,[vc_column]
kala-health-liposomaal-b-complex,shortcode,[vc_column_text css=&#8221;&#8221;]
kala-health-liposomaal-b-complex,shortcode,[/vc_column_text]
kala-health-liposomaal-b-complex,shortcode,[/vc_column]
kala-health-liposomaal-b-complex,shortcode,[/vc_row]
kala-health-liposomaal-b-complex,eigen winkel,De volledige Product Specification Sheet met alle testresultaten is op deze pagina door u in te zien.
kala-health-liposomaal-b-complex,contact (heel blok),Vanwege wettelijke beperkingen mogen wij niet alle details over de mogelijke werking van dit voedingssupplement vermelden. Voor inhoudelijke vragen of persoonlijk advies zijn wij telefonisch bereikbaa
kala-health-annatto-vitamine-e,shortcode,[vc_row]
kala-health-annatto-vitamine-e,shortcode,[vc_column]
kala-health-annatto-vitamine-e,shortcode,[vc_column_text css=&#8221;&#8221;]
kala-health-annatto-vitamine-e,shortcode,[/vc_column_text]
kala-health-annatto-vitamine-e,shortcode,[/vc_column]
kala-health-annatto-vitamine-e,shortcode,[/vc_row]
kala-health-annatto-vitamine-e,auteur,"Geschreven door Marijn Lewis, PhD Wetenschapscommunicatie & Voedingsonderzoek bij Kala Health"
kala-health-annatto-vitamine-e,contact,Wil je meer weten over Annatto Vitamine E of heb je vragen over je eigen situatie? Ons team van voedingsspecialisten en therapeuten denkt graag met je mee. Bel ons op (+31) 070 345 0290 of mail naar i
kala-health-magnesium-citraat-tabletten,shortcode,[vc_row]
kala-health-magnesium-citraat-tabletten,shortcode,[vc_column]
kala-health-magnesium-citraat-tabletten,shortcode,[vc_column_text]
kala-health-magnesium-citraat-tabletten,shortcode,[/vc_column_text]
kala-health-magnesium-citraat-tabletten,shortcode,[/vc_column]
kala-health-magnesium-citraat-tabletten,shortcode,[/vc_row]
kala-health-creatine-monohydraat-poeder,shortcode,[vc_row]
kala-health-creatine-monohydraat-poeder,shortcode,[vc_column]
kala-health-creatine-monohydraat-poeder,shortcode,[vc_column_text color=&#8221;#000000&#8243;]
kala-health-creatine-monohydraat-poeder,shortcode,[/vc_column_text]
kala-health-creatine-monohydraat-poeder,shortcode,[/vc_column]
kala-health-creatine-monohydraat-poeder,shortcode,[/vc_row]
kala-health-gebufferde-vitamine-c,shortcode,[vc_row]
kala-health-gebufferde-vitamine-c,shortcode,[vc_column]
kala-health-gebufferde-vitamine-c,shortcode,[vc_column_text]
kala-health-gebufferde-vitamine-c,shortcode,[/vc_column_text]
kala-health-gebufferde-vitamine-c,shortcode,[/vc_column]
kala-health-gebufferde-vitamine-c,shortcode,[/vc_row]
kala-health-gebufferde-vitamine-c,contact,Voor vragen en product advies kunt u bellen naar +(31)070-345-0290.
kala-health-magnesium-bisglycinaat-tabletten-200-mg,shortcode,[vc_row]
kala-health-magnesium-bisglycinaat-tabletten-200-mg,shortcode,[vc_column]
kala-health-magnesium-bisglycinaat-tabletten-200-mg,shortcode,[vc_column_text css=&#8221;&#8221;]
kala-health-magnesium-bisglycinaat-tabletten-200-mg,shortcode,[/vc_column_text]
kala-health-magnesium-bisglycinaat-tabletten-200-mg,shortcode,[/vc_column]
kala-health-magnesium-bisglycinaat-tabletten-200-mg,shortcode,[/vc_row]
kala-health-magnesium-bisglycinaat-tabletten-200-mg,eigen winkel,Zowel de Product Specification Sheet als het Eurofins analysecertificaat zijn ter inkijk beschikbaar in de productgalerij op deze pagina.
kala-health-magnesium-bisglycinaat-tabletten-200-mg,contact (heel blok),Vanwege wettelijke beperkingen mogen wij niet alle details over de mogelijke werking van dit voedingssupplement vermelden. Voor inhoudelijke vragen of persoonlijk advies zijn wij telefonisch bereikbaa
kala-health-magnesium-bisglycinaat-tabletten-200-mg,eigen winkel,De Product Specification Sheet en het Eurofins analysecertificaat zijn ter inkijk beschikbaar in de productgalerij op deze pagina.
kala-health-liposomale-ester-c,shortcode,[vc_row]
kala-health-liposomale-ester-c,shortcode,[vc_column]
kala-health-liposomale-ester-c,shortcode,[vc_column_text css=&#8221;&#8221;]
kala-health-liposomale-ester-c,shortcode,[/vc_column_text]
kala-health-liposomale-ester-c,shortcode,[/vc_column]
kala-health-liposomale-ester-c,shortcode,[/vc_row]
kala-health-liposomale-ester-c,contact,Heb je vragen over dit product of wil je persoonlijk advies? Bel ons op (+31) 070-345-0290 of mail naar info@kalahealth.nl .
kala-health-the-akkermansia-company-gewichtscontrole,shortcode,[vc_row]
kala-health-the-akkermansia-company-gewichtscontrole,shortcode,[vc_column]
kala-health-the-akkermansia-company-gewichtscontrole,shortcode,[vc_column_text css=&#8221;&#8221;]
kala-health-the-akkermansia-company-gewichtscontrole,shortcode,[/vc_column_text]
kala-health-the-akkermansia-company-gewichtscontrole,shortcode,[/vc_column]
kala-health-the-akkermansia-company-gewichtscontrole,shortcode,[/vc_row]
kala-health-the-akkermansia-company-gewichtscontrole,contact (heel blok),Vanwege wettelijke beperkingen mogen wij niet alle details over dit voedingssupplement vermelden. Voor inhoudelijke vragen of persoonlijk advies zijn wij bereikbaar via: (+31) 070-345-0290 of info@kal
kala-health-magnesium-complex-poeder,shortcode,[vc_row]
kala-health-magnesium-complex-poeder,shortcode,[vc_column]
kala-health-magnesium-complex-poeder,shortcode,[vc_column_text css=&#8221;&#8221;]
kala-health-magnesium-complex-poeder,shortcode,[/vc_column_text]
kala-health-magnesium-complex-poeder,shortcode,[/vc_column]
kala-health-magnesium-complex-poeder,shortcode,[/vc_row]
kala-health-magnesium-complex-poeder,contact (heel blok),Vanwege wettelijke beperkingen mogen wij niet alle details over de mogelijke werking van dit voedingssupplement vermelden. Voor inhoudelijke vragen of persoonlijk advies zijn wij telefonisch bereikbaa
kala-health-magnesium-complex-poeder,contact,U kunt ook gratis bellen met onze therapeut via (+31) 070 345 0290.
kala-health-gebufferde-vitamine-c-poeder,shortcode,[vc_row]
kala-health-gebufferde-vitamine-c-poeder,shortcode,[vc_column]
kala-health-gebufferde-vitamine-c-poeder,shortcode,[vc_column_text]
kala-health-gebufferde-vitamine-c-poeder,shortcode,[/vc_column_text]
kala-health-gebufferde-vitamine-c-poeder,shortcode,[/vc_column]
kala-health-gebufferde-vitamine-c-poeder,shortcode,[/vc_row]
kala-health-magnesium-citraat-poeder,shortcode,[vc_row]
kala-health-magnesium-citraat-poeder,shortcode,[vc_column]
kala-health-magnesium-citraat-poeder,shortcode,[vc_column_text]
kala-health-magnesium-citraat-poeder,shortcode,[/vc_column_text]
kala-health-magnesium-citraat-poeder,shortcode,[/vc_column]
kala-health-magnesium-citraat-poeder,shortcode,[/vc_row]
kala-health-magnesium-citraat-poeder,contact,"U kunt ons magnesiumcitraat voedingssupplement eenvoudig en snel bestellen via onze webshop. Als u vragen heeft over het supplement of meer informatie wilt ontvangen, vul dan ons contactformulier in o"
kala-health-magnesium-bisglycinaat-poeder,shortcode,[vc_row]
kala-health-magnesium-bisglycinaat-poeder,shortcode,[vc_column]
kala-health-magnesium-bisglycinaat-poeder,shortcode,[vc_column_text css=&#8221;&#8221; color=&#8221;#000000&#8243;]
kala-health-magnesium-bisglycinaat-poeder,shortcode,[/vc_column_text]
kala-health-magnesium-bisglycinaat-poeder,shortcode,[/vc_column]
kala-health-magnesium-bisglycinaat-poeder,shortcode,[/vc_row]
kala-health-magnesium-bisglycinaat-poeder,eigen winkel,De volledige Product Specification Sheet met alle testresultaten vindt u ter inkijk op deze pagina.
kala-health-magnesium-bisglycinaat-poeder,contact (heel blok),Vanwege wettelijke beperkingen mogen wij niet alle details over de mogelijke werking van dit voedingssupplement vermelden. Voor inhoudelijke vragen of persoonlijk advies zijn wij telefonisch bereikbaa
kala-health-magnesium-complex,shortcode,[vc_row]
kala-health-magnesium-complex,shortcode,[vc_column]
kala-health-magnesium-complex,shortcode,[vc_column_text css=&#8221;&#8221;]
kala-health-magnesium-complex,shortcode,[/vc_column_text]
kala-health-magnesium-complex,shortcode,[/vc_column]
kala-health-magnesium-complex,shortcode,[/vc_row]
kala-health-magnesium-complex,contact (heel blok),Vanwege wettelijke beperkingen mogen wij niet alle details over de mogelijke werking van dit voedingssupplement vermelden. Voor inhoudelijke vragen of persoonlijk advies zijn wij telefonisch bereikbaa
kala-health-magnesium-en-calcium,shortcode,[vc_row]
kala-health-magnesium-en-calcium,shortcode,[vc_column]
kala-health-magnesium-en-calcium,shortcode,[vc_column_text css=&#8221;&#8221;]
kala-health-magnesium-en-calcium,shortcode,[/vc_column_text]
kala-health-magnesium-en-calcium,shortcode,[/vc_column]
kala-health-magnesium-en-calcium,shortcode,[/vc_row]
kala-health-magnesium-en-calcium,contact (heel blok),Vanwege wettelijke beperkingen mogen wij niet alle details over de mogelijke werking van dit voedingssupplement vermelden. Voor inhoudelijke vragen of persoonlijk advies zijn wij telefonisch bereikbaa
kala-health-vitamine-e-t8-max-400ie-50mg,shortcode,[vc_row]
kala-health-vitamine-e-t8-max-400ie-50mg,shortcode,[vc_column]
kala-health-vitamine-e-t8-max-400ie-50mg,shortcode,[vc_column_text css=&#8221;&#8221;]
kala-health-vitamine-e-t8-max-400ie-50mg,shortcode,[/vc_column_text]
kala-health-vitamine-e-t8-max-400ie-50mg,shortcode,[/vc_column]
kala-health-vitamine-e-t8-max-400ie-50mg,shortcode,[/vc_row]
kala-health-vitamine-e-t8-max-400ie-50mg,auteur,"Geschreven door Marijn Lewis, PhD Wetenschapscommunicatie & Voedingsonderzoek bij Kala Health"
kala-health-vitamine-e-strong-450ie-100mg,shortcode,[vc_row]
kala-health-vitamine-e-strong-450ie-100mg,shortcode,[vc_column]
kala-health-vitamine-e-strong-450ie-100mg,shortcode,[vc_column_text]
kala-health-vitamine-e-strong-450ie-100mg,shortcode,[/vc_column_text]
kala-health-vitamine-e-strong-450ie-100mg,shortcode,[/vc_column]
kala-health-vitamine-e-strong-450ie-100mg,shortcode,[/vc_row]
kala-health-vitamine-e-strong-450ie-100mg,contact,"Wilt u meer weten, dan kunt u ons tijdens kantooruren bellen op 070-3450290."
kala-health-vitamine-e-ultra-tocotrienol,shortcode,[vc_row]
kala-health-vitamine-e-ultra-tocotrienol,shortcode,[vc_column]
kala-health-vitamine-e-ultra-tocotrienol,shortcode,[vc_column_text css=&#8221;&#8221;]
kala-health-vitamine-e-ultra-tocotrienol,shortcode,[/vc_column_text]
kala-health-vitamine-e-ultra-tocotrienol,shortcode,[/vc_column]
kala-health-vitamine-e-ultra-tocotrienol,shortcode,[/vc_row]
kala-health-vitamine-e-ultra-tocotrienol,shortcode,[vc_row]
kala-health-vitamine-e-ultra-tocotrienol,shortcode,[vc_column]
kala-health-vitamine-e-ultra-tocotrienol,shortcode,[vc_single_image image=&#8221;36678&#8243; css=&#8221;&#8221;]
kala-health-vitamine-e-ultra-tocotrienol,shortcode,[/vc_column]
kala-health-vitamine-e-ultra-tocotrienol,shortcode,[/vc_row]
kala-health-vitamine-e-ultra-tocotrienol,shortcode,[vc_row]
kala-health-vitamine-e-ultra-tocotrienol,shortcode,[vc_column]
kala-health-vitamine-e-ultra-tocotrienol,shortcode,[vc_column_text css=&#8221;&#8221;]
kala-health-vitamine-e-ultra-tocotrienol,shortcode,[/vc_column_text]
kala-health-vitamine-e-ultra-tocotrienol,shortcode,[/vc_column]
kala-health-vitamine-e-ultra-tocotrienol,shortcode,[/vc_row]
kala-health-vitamine-e-ultra-tocotrienol,shortcode,[vc_row]
kala-health-vitamine-e-ultra-tocotrienol,shortcode,[vc_column]
kala-health-vitamine-e-ultra-tocotrienol,shortcode,[vc_single_image image=&#8221;37258&#8243; css=&#8221;&#8221;]
kala-health-vitamine-e-ultra-tocotrienol,shortcode,[/vc_column]
kala-health-vitamine-e-ultra-tocotrienol,shortcode,[/vc_row]
kala-health-vitamine-e-ultra-tocotrienol,shortcode,[vc_row]
kala-health-vitamine-e-ultra-tocotrienol,shortcode,[vc_column]
kala-health-vitamine-e-ultra-tocotrienol,shortcode,[vc_column_text css=&#8221;&#8221;]
kala-health-vitamine-e-ultra-tocotrienol,shortcode,[/vc_column_text]
kala-health-vitamine-e-ultra-tocotrienol,shortcode,[/vc_column]
kala-health-vitamine-e-ultra-tocotrienol,shortcode,[/vc_row]
kala-health-vitamine-e-ultra-tocotrienol,shortcode,[vc_row]
kala-health-vitamine-e-ultra-tocotrienol,shortcode,[vc_column]
kala-health-vitamine-e-ultra-tocotrienol,shortcode,[vc_single_image image=&#8221;36665&#8243; css=&#8221;&#8221;]
kala-health-vitamine-e-ultra-tocotrienol,shortcode,[/vc_column]
kala-health-vitamine-e-ultra-tocotrienol,shortcode,[/vc_row]
kala-health-vitamine-e-ultra-tocotrienol,shortcode,[vc_row]
kala-health-vitamine-e-ultra-tocotrienol,shortcode,[vc_column]
kala-health-vitamine-e-ultra-tocotrienol,shortcode,[vc_column_text css=&#8221;&#8221;]
kala-health-vitamine-e-ultra-tocotrienol,shortcode,[/vc_column_text]
kala-health-vitamine-e-ultra-tocotrienol,shortcode,[/vc_column]
kala-health-vitamine-e-ultra-tocotrienol,shortcode,[/vc_row]
kala-health-vitamine-e-ultra-tocotrienol,contact (heel blok),Vanwege wettelijke beperkingen mogen wij niet alle details over dit voedingssupplement vermelden. Voor inhoudelijke vragen of persoonlijk advies zijn wij telefonisch bereikbaar via: (+31) 070-345-0290
kala-health-vitamine-e-ultra-tocoferol,shortcode,[vc_row]
kala-health-vitamine-e-ultra-tocoferol,shortcode,[vc_column]
kala-health-vitamine-e-ultra-tocoferol,shortcode,[vc_column_text]
kala-health-vitamine-e-ultra-tocoferol,shortcode,[/vc_column_text]
kala-health-vitamine-e-ultra-tocoferol,shortcode,[/vc_column]
kala-health-vitamine-e-ultra-tocoferol,shortcode,[/vc_row]
kala-health-vitamine-e-ultra-tocoferol,contact,"Wilt u meer weten, dan kunt u ons tijdens kantooruren bellen op 070-3450290."
kala-health-vitamine-c-poeder-l-ascorbinezuur,shortcode,[vc_row]
kala-health-vitamine-c-poeder-l-ascorbinezuur,shortcode,[vc_column]
kala-health-vitamine-c-poeder-l-ascorbinezuur,shortcode,[vc_column_text css=&#8221;&#8221;]
kala-health-vitamine-c-poeder-l-ascorbinezuur,shortcode,[/vc_column_text]
kala-health-vitamine-c-poeder-l-ascorbinezuur,shortcode,[/vc_column]
kala-health-vitamine-c-poeder-l-ascorbinezuur,shortcode,[/vc_row]
kala-health-vitamine-c-poeder-l-ascorbinezuur,sectie,"Over Kala Health Kala Health is in 1997 opgericht door Paul Klein Breteler. Sindsdien formuleert hij zijn eigen supplementen, behandelt cliënten en adviseert over voeding en suppletie. Die combinatie "
kala-health-vitamine-c-poeder-l-ascorbinezuur,eigen winkel,Alle specificaties zijn te bekijken in de productgalerij.
kala-health-vitamine-c-poeder-l-ascorbinezuur,eigen winkel (heel blok),Product Specification Sheet te bekijken in de productgalerij
kala-health-vitamine-c-poeder-l-ascorbinezuur,contact,Wil je meer weten over vitamine C of heb je vragen over je eigen situatie? Ons team van voedingsspecialisten en therapeuten denkt graag met je mee. Bel ons op (+31) 070 345 0290 of mail naar info@kala
kala-health-natuurlijke-multivitamine,shortcode,[vc_row]
kala-health-natuurlijke-multivitamine,shortcode,[vc_column]
kala-health-natuurlijke-multivitamine,shortcode,[vc_column_text css=&#8221;&#8221; color=&#8221;#000000&#8243;]
kala-health-natuurlijke-multivitamine,shortcode,[/vc_column_text]
kala-health-natuurlijke-multivitamine,shortcode,[/vc_column]
kala-health-natuurlijke-multivitamine,shortcode,[/vc_row]
kala-health-natuurlijke-multivitamine,eigen winkel,De volledige Product Specification Sheet met alle testresultaten vindt u ter inkijk op deze pagina.
kala-health-natuurlijke-multivitamine,contact (heel blok),Vanwege wettelijke beperkingen mogen wij niet alle details over dit voedingssupplement vermelden. Voor inhoudelijke vragen of persoonlijk advies zijn wij bereikbaar via: (+31) 070-345-0290 of info@kal
kala-health-natuurlijke-multivitamine,contact,Bij twijfel kun je altijd contact opnemen met ons team voor persoonlijk advies.
kala-health-optimsm-tabletten,shortcode,[vc_row]
kala-health-optimsm-tabletten,shortcode,[vc_column]
kala-health-optimsm-tabletten,shortcode,[vc_column_text css=&#8221;&#8221;]
kala-health-optimsm-tabletten,shortcode,[/vc_column_text]
kala-health-optimsm-tabletten,shortcode,[/vc_column]
kala-health-optimsm-tabletten,shortcode,[/vc_row]
kala-health-optimsm-tabletten,eigen winkel,"Het volledige productspecificatieblad, laboratoriumanalyses en certificaten zijn beschikbaar in de productgalerij op deze pagina."
kala-health-optimsm-tabletten,auteur,"Geschreven door Marijn Lewis, PhD Wetenschapscommunicatie & Voedingsonderzoek bij Kala Health"
kala-health-optimsm-tabletten,contact (heel blok),Voor inhoudelijke vragen of persoonlijk advies zijn wij bereikbaar per telefoon: (+31) 070 345 0290 . En per e-mail: info@kalahealth.nl .
kala-health-plantaardige-voedingsvezel-capsules,shortcode,[vc_row]
kala-health-plantaardige-voedingsvezel-capsules,shortcode,[vc_column]
kala-health-plantaardige-voedingsvezel-capsules,shortcode,[vc_column_text]
kala-health-plantaardige-voedingsvezel-capsules,shortcode,[/vc_column_text]
kala-health-plantaardige-voedingsvezel-capsules,shortcode,[/vc_column]
kala-health-plantaardige-voedingsvezel-capsules,shortcode,[/vc_row]
kala-health-plantaardige-voedingsvezel-capsules,contact,Voor verdere vragen zijn wij echter bereikbaar op 070-345-0290.
kala-health-huid-haar-nagel,shortcode,[vc_row]
kala-health-huid-haar-nagel,shortcode,[vc_column]
kala-health-huid-haar-nagel,shortcode,[vc_column_text]
kala-health-huid-haar-nagel,shortcode,[/vc_column_text]
kala-health-huid-haar-nagel,shortcode,[/vc_column]
kala-health-huid-haar-nagel,shortcode,[/vc_row]
kala-health-vegan-omega-3,shortcode,[vc_row]
kala-health-vegan-omega-3,shortcode,[vc_column]
kala-health-vegan-omega-3,shortcode,[vc_column_text css=&#8221;&#8221;]
kala-health-vegan-omega-3,shortcode,[/vc_column_text]
kala-health-vegan-omega-3,shortcode,[/vc_column]
kala-health-vegan-omega-3,shortcode,[/vc_row]
kala-health-groenlipmosselolie-aspitol,shortcode,[vc_row]
kala-health-groenlipmosselolie-aspitol,shortcode,[vc_column]
kala-health-groenlipmosselolie-aspitol,shortcode,[vc_column_text css=&#8221;&#8221;]
kala-health-groenlipmosselolie-aspitol,shortcode,[/vc_column_text]
kala-health-groenlipmosselolie-aspitol,shortcode,[/vc_column]
kala-health-groenlipmosselolie-aspitol,shortcode,[/vc_row]
kala-health-groenlipmosselolie-aspitol,sectie,"Waarom Kala Health Kala Health produceert dit supplement volledig in eigen beheer, in onze gecertificeerde productielocatie in Nederland. We hebben geen tussenpersoon: we kopen de grondstoffen rechtst"
kala-health-groenlipmosselolie-aspitol,sectie,"Over Kala Health Kala Health is in 1997 opgericht door Paul Klein Breteler. Sindsdien formuleert hij zijn eigen supplementen, behandelt cliënten en adviseert over voeding en suppletie. Die combinatie "
kala-health-groenlipmosselolie-aspitol,eigen winkel (heel blok),Product Specification Sheet te bekijken in de productgalerij
kala-health-groenlipmosselolie-aspitol,contact,Wil je meer weten over groenlipmosselolie of heb je vragen over je eigen situatie? Ons team van voedingsspecialisten en therapeuten denkt graag met je mee. Bel ons op (+31) 070 345 0290 of mail naar i
kala-health-krillolie,shortcode,[vc_row]
kala-health-krillolie,shortcode,[vc_column]
kala-health-krillolie,shortcode,[vc_column_text css=&#8221;&#8221;]
kala-health-krillolie,shortcode,[/vc_column_text]
kala-health-krillolie,shortcode,[/vc_column]
kala-health-krillolie,shortcode,[/vc_row]
kala-health-krillolie,contact,Wil je meer weten over krillolie of heb je vragen over je eigen situatie? Ons team van voedingsspecialisten en therapeuten denkt graag met je mee. Bel ons op (+31) 070 345 0290 of mail naar info@kalah
kala-health-krillolie,auteur,"Geschreven door Marijn Lewis, PhD Wetenschapscommunicatie & Voedingsonderzoek bij Kala Health"
kala-health-glucosamine-hcl-naturglux,shortcode,[vc_row]
kala-health-glucosamine-hcl-naturglux,shortcode,[vc_column]
kala-health-glucosamine-hcl-naturglux,shortcode,[vc_column_text]
kala-health-glucosamine-hcl-naturglux,shortcode,[/vc_column_text]
kala-health-glucosamine-hcl-naturglux,shortcode,[/vc_column]
kala-health-glucosamine-hcl-naturglux,shortcode,[/vc_row]
kala-health-msmgc-vegan,shortcode,[vc_row]
kala-health-msmgc-vegan,shortcode,[vc_column]
kala-health-msmgc-vegan,shortcode,[vc_column_text css=&#8221;&#8221;]
kala-health-msmgc-vegan,shortcode,[/vc_column_text]
kala-health-msmgc-vegan,shortcode,[/vc_column]
kala-health-msmgc-vegan,shortcode,[/vc_row]
kala-health-msmgc-vegan,kruisverkoop,"Vergelijk zelf: Bekijk de ingrediëntenlijst van willekeurige supplementen in de winkel. U zult vaak termen tegenkomen als microkristallijne cellulose, magnesiumstearaat, siliciumdioxide of talk. Bij M"
kala-health-msmgc-vegan,contact (heel blok),Vanwege wettelijke beperkingen mogen wij niet alle details over de mogelijke werking van dit voedingssupplement vermelden. Voor inhoudelijke vragen of persoonlijk advies zijn wij telefonisch bereikbaa
kala-health-msmgc-vegan,contact,Voor inhoudelijke vragen of persoonlijk advies kunt u contact opnemen met ons team van voedingsspecialisten.
kala-health-msmgc-vegan,contact (heel blok),Voor inhoudelijke vragen of persoonlijk advies kunt u contact opnemen met ons team van voedingsspecialisten. Wij zijn telefonisch bereikbaar via (+31) 070-345-0290 en per e-mail via info@kalahealth.nl
kala-health-cm-creme-msm,shortcode,[vc_row]
kala-health-cm-creme-msm,shortcode,[vc_column]
kala-health-cm-creme-msm,shortcode,[vc_column_text]
kala-health-cm-creme-msm,shortcode,[/vc_column_text]
kala-health-cm-creme-msm,shortcode,[/vc_column]
kala-health-cm-creme-msm,shortcode,[/vc_row]
kala-health-msmgc-tabletten,shortcode,[vc_row]
kala-health-msmgc-tabletten,shortcode,[vc_column]
kala-health-msmgc-tabletten,shortcode,[vc_column_text css=&#8221;&#8221;]
kala-health-msmgc-tabletten,shortcode,[/vc_column_text]
kala-health-msmgc-tabletten,shortcode,[/vc_column]
kala-health-msmgc-tabletten,shortcode,[/vc_row]
kala-health-msmgc-tabletten,contact (heel blok),Vanwege wettelijke beperkingen mogen wij niet alle details over de mogelijke werking van dit voedingssupplement vermelden. Voor inhoudelijke vragen of persoonlijk advies zijn wij telefonisch bereikbaa
kala-health-msmgc-tabletten,contact,Voor inhoudelijke vragen kunt u contact opnemen via 070-345-0290 of info@kalahealth.nl.
kala-health-optimsm-capsules,shortcode,[vc_row]
kala-health-optimsm-capsules,shortcode,[vc_column]
kala-health-optimsm-capsules,shortcode,[vc_column_text css=&#8221;&#8221;]
kala-health-optimsm-capsules,shortcode,[/vc_column_text]
kala-health-optimsm-capsules,shortcode,[/vc_column]
kala-health-optimsm-capsules,shortcode,[/vc_row]
kala-health-optimsm-capsules,contact,Neem contact met ons op via telefoon of e-mail om uw exemplaar aan te vragen.
kala-health-optimsm-capsules,eigen winkel,"De volledige Product Specification Sheet met alle technische specificaties, laboratoriumanalyses en certificaten is inzichtelijk in de productgalerij op deze pagina."
kala-health-optimsm-capsules,eigen winkel (heel blok),Product Specification Sheet te bekijken in de productgalerij
kala-health-optimsm-capsules,contact (heel blok),Voor inhoudelijke vragen of persoonlijk advies zijn wij telefonisch bereikbaar via: (+31) 070 345 0290 . En per e-mail: info@kalahealth.nl .
kala-health-natuurlijke-enzymen,shortcode,[vc_row]
kala-health-natuurlijke-enzymen,shortcode,[vc_column]
kala-health-natuurlijke-enzymen,shortcode,[vc_column_text css=&#8221;&#8221;]
kala-health-natuurlijke-enzymen,shortcode,[/vc_column_text]
kala-health-natuurlijke-enzymen,shortcode,[/vc_column]
kala-health-natuurlijke-enzymen,shortcode,[/vc_row]
kala-health-natuurlijke-enzymen,shortcode,[vc_row]
kala-health-natuurlijke-enzymen,shortcode,[vc_column]
kala-health-natuurlijke-enzymen,shortcode,[vc_single_image image=&#8221;23067&#8243; css=&#8221;&#8221; Werking van Enzymen&#8221;]
kala-health-natuurlijke-enzymen,shortcode,[/vc_column]
kala-health-natuurlijke-enzymen,shortcode,[/vc_row]
kala-health-natuurlijke-enzymen,shortcode,[vc_row]
kala-health-natuurlijke-enzymen,shortcode,[vc_column]
kala-health-natuurlijke-enzymen,shortcode,[vc_column_text css=&#8221;&#8221;]
kala-health-natuurlijke-enzymen,shortcode,[/vc_column_text]
kala-health-natuurlijke-enzymen,shortcode,[/vc_column]
kala-health-natuurlijke-enzymen,shortcode,[/vc_row]
kala-health-natuurlijke-enzymen,contact (heel blok),Vanwege wettelijke beperkingen mogen wij niet alle details over dit voedingssupplement vermelden. Voor inhoudelijke vragen of persoonlijk advies zijn wij telefonisch bereikbaar via: (+31) 070-345-0290
kala-health-msmgc-plus-capsules,shortcode,[vc_row]
kala-health-msmgc-plus-capsules,shortcode,[vc_column]
kala-health-msmgc-plus-capsules,shortcode,[vc_column_text css=&#8221;&#8221;]
kala-health-msmgc-plus-capsules,shortcode,[/vc_column_text]
kala-health-msmgc-plus-capsules,shortcode,[/vc_column]
kala-health-msmgc-plus-capsules,shortcode,[/vc_row]
kala-health-msmgc-plus-capsules,shortcode,[vc_row]
kala-health-msmgc-plus-capsules,shortcode,[vc_column]
kala-health-msmgc-plus-capsules,shortcode,[vc_single_image image=&#8221;37287&#8243; css=&#8221;&#8221;]
kala-health-msmgc-plus-capsules,shortcode,[/vc_column]
kala-health-msmgc-plus-capsules,shortcode,[/vc_row]
kala-health-msmgc-plus-capsules,shortcode,[vc_row]
kala-health-msmgc-plus-capsules,shortcode,[vc_column]
kala-health-msmgc-plus-capsules,shortcode,[vc_column_text css=&#8221;&#8221;]
kala-health-msmgc-plus-capsules,shortcode,[/vc_column_text]
kala-health-msmgc-plus-capsules,shortcode,[/vc_column]
kala-health-msmgc-plus-capsules,shortcode,[/vc_row]
kala-health-msmgc-plus-capsules,kruisverkoop,"Vergelijk zelf: Bekijk de ingrediëntenlijst van willekeurige supplementen in de winkel. U zult vaak termen tegenkomen als microkristallijne cellulose, magnesiumstearaat, siliciumdioxide of talk. Bij M"
kala-health-msmgc-plus-capsules,contact (heel blok),Vanwege wettelijke beperkingen mogen wij niet alle details over de mogelijke werking van dit voedingssupplement vermelden. Voor inhoudelijke vragen of persoonlijk advies zijn wij telefonisch bereikbaa
kala-health-msmgc-plus-capsules,contact,Voor inhoudelijke vragen kunt u contact opnemen via 070-345-0290 of info@kalahealth.nl.
kala-health-astaxanthine,shortcode,[vc_row]
kala-health-astaxanthine,shortcode,[vc_column]
kala-health-astaxanthine,shortcode,[vc_column_text]
kala-health-astaxanthine,shortcode,[/vc_column_text]
kala-health-astaxanthine,shortcode,[vc_single_image image=&#8221;22542&#8243; woestijn&#8221;]
kala-health-astaxanthine,shortcode,[/vc_column]
kala-health-astaxanthine,shortcode,[/vc_row]
kala-health-astaxanthine,shortcode,[vc_row]
kala-health-astaxanthine,shortcode,[vc_column]
kala-health-astaxanthine,shortcode,[vc_column_text]
kala-health-astaxanthine,shortcode,[/vc_column_text]
kala-health-astaxanthine,shortcode,[/vc_column]
kala-health-astaxanthine,shortcode,[/vc_row]
kala-health-astaxanthine,shortcode,[vc_row]
kala-health-astaxanthine,shortcode,[vc_column]
kala-health-astaxanthine,shortcode,[vc_single_image image=&#8221;22920&#8243; van Astaxanthine in het celmembraan&#8221;]
kala-health-astaxanthine,shortcode,[/vc_column]
kala-health-astaxanthine,shortcode,[/vc_row]
kala-health-astaxanthine,shortcode,[vc_row]
kala-health-astaxanthine,shortcode,[vc_column]
kala-health-astaxanthine,shortcode,[vc_column_text]
kala-health-astaxanthine,shortcode,[/vc_column_text]
kala-health-astaxanthine,shortcode,[/vc_column]
kala-health-astaxanthine,shortcode,[/vc_row]
kala-health-astaxanthine,contact,Voor verdere vragen zijn wij echter bereikbaar op 070-345-0290.
kala-health-co-enzym-q10,shortcode,[vc_row]
kala-health-co-enzym-q10,shortcode,[vc_column]
kala-health-co-enzym-q10,shortcode,[vc_column_text]
kala-health-co-enzym-q10,shortcode,[/vc_column_text]
kala-health-co-enzym-q10,shortcode,[/vc_column]
kala-health-co-enzym-q10,shortcode,[/vc_row]
kala-health-vegan-cordyceps-bio,shortcode,[vc_row]
kala-health-vegan-cordyceps-bio,shortcode,[vc_column]
kala-health-vegan-cordyceps-bio,shortcode,[vc_column_text css=&#8221;&#8221;]
kala-health-vegan-cordyceps-bio,shortcode,[/vc_column_text]
kala-health-vegan-cordyceps-bio,shortcode,[/vc_column]
kala-health-vegan-cordyceps-bio,shortcode,[/vc_row]
kala-health-vegan-cordyceps-bio,contact,Heb je nog vragen over dit product of wil je persoonlijk advies? Bel ons op (+31) 070-345-0290 of mail naar info@kalahealth.nl .
kala-health-vegan-mushroommix-bio,shortcode,[vc_row]
kala-health-vegan-mushroommix-bio,shortcode,[vc_column]
kala-health-vegan-mushroommix-bio,shortcode,[vc_column_text css=&#8221;&#8221;]
kala-health-vegan-mushroommix-bio,shortcode,[/vc_column_text]
kala-health-vegan-mushroommix-bio,shortcode,[/vc_column]
kala-health-vegan-mushroommix-bio,shortcode,[/vc_row]
kala-health-vegan-mushroommix-bio,sectie,"Over Kala Health Kala Health is in 1997 opgericht en vanaf het begin formuleren wij onze eigen supplementen, en adviseren wij over voeding en suppletie. Die combinatie van ontwikkelen, produceren én a"
kala-health-vegan-mushroommix-bio,eigen winkel (heel blok),Product Specification Sheet te bekijken in de productgalerij
kala-health-vegan-mushroommix-bio,eigen winkel,"De informatie op deze pagina beschrijft de samenstelling en herkomst van de ingrediënten, geen bewezen medische effecten."
kala-health-vegan-mushroommix-bio,contact,Wil je meer weten over onze Vegan Mushroommix BIO of heb je vragen over je eigen situatie? Ons team van voedingsspecialisten en therapeuten denkt graag met je mee. Bel ons op (+31) 070 345 0290 of mai
kala-health-mineralen-complex,shortcode,[vc_row]
kala-health-mineralen-complex,shortcode,[vc_column]
kala-health-mineralen-complex,shortcode,[vc_column_text css=&#8221;&#8221;]
kala-health-mineralen-complex,shortcode,[/vc_column_text]
kala-health-mineralen-complex,shortcode,[/vc_column]
kala-health-mineralen-complex,shortcode,[/vc_row]
kala-health-mineralen-complex,contact (heel blok),Vanwege wettelijke beperkingen mogen wij niet alle details over de mogelijke werking van dit voedingssupplement vermelden. Voor inhoudelijke vragen of persoonlijk advies zijn wij telefonisch bereikbaa
kala-health-vitamine-d3-3000-iu,shortcode,[vc_row]
kala-health-vitamine-d3-3000-iu,shortcode,[vc_column]
kala-health-vitamine-d3-3000-iu,shortcode,[vc_column_text]
kala-health-vitamine-d3-3000-iu,shortcode,[/vc_column_text]
kala-health-vitamine-d3-3000-iu,shortcode,[/vc_column]
kala-health-vitamine-d3-3000-iu,shortcode,[/vc_row]
kala-health-vitamine-e-t8-vegan,shortcode,[vc_row]
kala-health-vitamine-e-t8-vegan,shortcode,[vc_column]
kala-health-vitamine-e-t8-vegan,shortcode,[vc_column_text css=&#8221;&#8221;]
kala-health-vitamine-e-t8-vegan,shortcode,[/vc_column_text]
kala-health-vitamine-e-t8-vegan,shortcode,[/vc_column]
kala-health-vitamine-e-t8-vegan,shortcode,[/vc_row]
kala-health-vitamine-e-t8-vegan,sectie,"Over Kala Health Kala Health is in 1997 opgericht door Paul Klein Breteler. Sindsdien formuleert hij zijn eigen supplementen, behandelt cliënten en adviseert over voeding en suppletie. Die combinatie "
kala-health-vitamine-e-t8-vegan,auteur,"Geschreven door Marijn Lewis, PhD Wetenschapscommunicatie & Voedingsonderzoek bij Kala Health"
kala-health-vitamine-e-t8-vegan,contact,Wil je meer weten over Vitamine E T8 Vegan of heb je vragen over je eigen situatie? Ons team van voedingsspecialisten en therapeuten denkt graag met je mee. Bel ons op (+31) 070 345 0290 of mail naar 
kala-health-vitamine-c-ester-c,shortcode,[vc_row]
kala-health-vitamine-c-ester-c,shortcode,[vc_column]
kala-health-vitamine-c-ester-c,shortcode,[vc_column_text]
kala-health-vitamine-c-ester-c,shortcode,[/vc_column_text]
kala-health-vitamine-c-ester-c,shortcode,[/vc_column]
kala-health-vitamine-c-ester-c,shortcode,[/vc_row]
kala-health-optimsm-gel,shortcode,[vc_row]
kala-health-optimsm-gel,shortcode,[vc_column]
kala-health-optimsm-gel,shortcode,[vc_column_text]
kala-health-optimsm-gel,shortcode,[/vc_column_text]
kala-health-optimsm-gel,shortcode,[/vc_column]
kala-health-optimsm-gel,shortcode,[/vc_row]
kala-health-optimsm-gel,eigen winkel,Deze MSM gel ondersteunt een gezonde huid en is eenvoudig te bestellen via onze webshop.
kala-health-vitamine-e-t8-compleet,shortcode,[vc_row]
kala-health-vitamine-e-t8-compleet,shortcode,[vc_column]
kala-health-vitamine-e-t8-compleet,shortcode,[vc_column_text css=&#8221;&#8221;]
kala-health-vitamine-e-t8-compleet,shortcode,[/vc_column_text]
kala-health-vitamine-e-t8-compleet,shortcode,[vc_single_image image=&#8221;36678&#8243; alignment=&#8221;center&#8221; css=&#8221;&#8221;]
kala-health-vitamine-e-t8-compleet,shortcode,[vc_column_text css=&#8221;&#8221;]
kala-health-vitamine-e-t8-compleet,shortcode,[/vc_column_text]
kala-health-vitamine-e-t8-compleet,shortcode,[vc_single_image image=&#8221;36672&#8243; alignment=&#8221;center&#8221; css=&#8221;&#8221;]
kala-health-vitamine-e-t8-compleet,shortcode,[vc_column_text css=&#8221;&#8221;]
kala-health-vitamine-e-t8-compleet,shortcode,[/vc_column_text]
kala-health-vitamine-e-t8-compleet,shortcode,[/vc_column]
kala-health-vitamine-e-t8-compleet,shortcode,[/vc_row]
kala-health-vitamine-e-t8-compleet,shortcode,[vc_row]
kala-health-vitamine-e-t8-compleet,shortcode,[vc_column]
kala-health-vitamine-e-t8-compleet,shortcode,[vc_single_image image=&#8221;36665&#8243; alignment=&#8221;center&#8221; css=&#8221;&#8221;]
kala-health-vitamine-e-t8-compleet,shortcode,[/vc_column]
kala-health-vitamine-e-t8-compleet,shortcode,[/vc_row]
kala-health-vitamine-e-t8-compleet,shortcode,[vc_row]
kala-health-vitamine-e-t8-compleet,shortcode,[vc_column]
kala-health-vitamine-e-t8-compleet,shortcode,[vc_column_text css=&#8221;&#8221;]
kala-health-vitamine-e-t8-compleet,shortcode,[/vc_column_text]
kala-health-vitamine-e-t8-compleet,shortcode,[/vc_column]
kala-health-vitamine-e-t8-compleet,shortcode,[/vc_row]
kala-health-vitamine-e-t8-compleet,contact (heel blok),Vanwege wettelijke beperkingen mogen wij niet alle details over dit voedingssupplement vermelden. Voor inhoudelijke vragen of persoonlijk advies zijn wij telefonisch bereikbaar via: (+31) 070-345-0290
kala-health-optimsm-poeder,shortcode,[vc_row]
kala-health-optimsm-poeder,shortcode,[vc_column]
kala-health-optimsm-poeder,shortcode,[vc_column_text css=&#8221;&#8221;]
kala-health-optimsm-poeder,shortcode,[/vc_column_text]
kala-health-optimsm-poeder,shortcode,[/vc_column]
kala-health-optimsm-poeder,shortcode,[/vc_row]
kala-health-optimsm-poeder,eigen winkel,"Het complete Product Specification Sheet met alle technische specificaties, laboratoriumanalyses en certificaten kunt u inzien in de productgalerij op deze pagina."
kala-health-optimsm-poeder,contact,Bel ons gerust.
kala-health-optimsm-poeder,auteur,"Wij hebben uitgebreide informatiebrochures over MSM, geschreven door onze productontwikkelaars, met alle achtergrond die de Europese wetgeving ons niet toestaat op de website te zetten. Ze zijn gratis"
kala-health-optimsm-poeder,contact (heel blok),U kunt ons bereiken per telefoon op (070) 345 0290 of per e-mail via info@kalahealth.nl . Dagelijks bereikbaar.
kala-health-optimsm-poeder,auteur,"Geschreven door Marijn Lewis, PhD Wetenschapscommunicatie & Voedingsonderzoek bij Kala Health"
